,Tor wyścigowy Carrera Mario,https://www.olx.pl/d/oferta/tor-wyscigowy-carrera-mario-CID88-IDVXoGd.html,"Tor wyścigowy Carrera Mario <br />
Produkt powystawowy kompletny, sprawny. W wersji outletowej (jeden ludzik w autku ma doklejoną głowę)<br />
80 zł(Cena katalogowa 155 zł)<br />
W razie pytań proszę o wiadomość <br />
Zdjęcie przedstawia realny stan",871183713
0,Tor wyścigowy Carrera Mario,https://www.olx.pl/d/oferta/tor-wyscigowy-carrera-mario-CID88-IDVXoGd.html,"Tor wyścigowy Carrera Mario <br />
Produkt powystawowy kompletny, sprawny. W wersji outletowej (jeden ludzik w autku ma doklejoną głowę)<br />
80 zł(Cena katalogowa 155 zł)<br />
W razie pytań proszę o wiadomość <br />
Zdjęcie przedstawia realny stan",871183713
1,Dres Mario ocieplany rozmiary od 110 do 152 czerwony,https://www.olx.pl/d/oferta/dres-mario-ocieplany-rozmiary-od-110-do-152-czerwony-CID88-IDX51fY.html,"Dres Mario 2 - częściowy<br />
Dres na meszku<br />
Dres składa się z bluzy i spodni<br />
Jakość Premium<br />
Materiał Bawełna<br />
<br />
Dostępne rozmiary: 98, 104/110, 116/122, 122/128, 134/140, 146/152<br />
<br />
Jeśli są Państwo zainteresowani większą ilością rzeczy istnieje możliwość zrobienia jednej przesyłki.<br />
<br />
Wymiary:<br />
<br />
98 -Bluza: Szerokość 34, Długość 44, Rękaw od szycia na ramieniu 38 od paszki 30<br />
Spodnie: Pas na płasko 25 uciąga się do 35, Długość całkowita 56 od kroku 39<br />
<br />
104/110 - Bluza: Szerokość 38, Długość 47, Rękaw od szycia na ramieniu 41 od paszki 34<br />
Spodnie: Pas na płasko 25 uciąga się do 37, Długość całkowita 62 od kroku 44<br />
<br />
116/122 - Bluza: Szerokość 39, Długość 49, Rękaw od szycia na ramieniu 44 od paszki 37<br />
Spodnie: Pas na płasko 26 uciąga się do 40, Długość całkowita 66 od kroku 48,<br />
<br />
122/128 - Bluza: Szerokość 42, Długość 52, Rękaw od szycia na ramieniu 46 od paszki 37<br />
Spodnie: Pas na płasko 28 uciąga się do 42, Długość całkowita 70 od kroku 53<br />
<br />
134/140 - Bluza: Szerokość 44, Długość 55, Rękaw od szycia na ramieniu 49 od paszki 40<br />
Spodnie: Pas na płasko 30 uciąga się do 45, Długość całkowita 75 od kroku 56<br />
<br />
146/152 -Bluza: Szerokość 45, Długość 58, Rękaw od szycia na ramieniu 52 od paszki 43<br />
Spodnie: Pas na płasko 32 uciąga się do 49, Długość całkowita 83 od kroku 62",873000298
2,Super Mario Bros zabawka  amigurumi prezent święta urodziny,https://www.olx.pl/d/oferta/super-mario-bros-zabawka-amigurumi-prezent-swieta-urodziny-CID88-IDVql68.html,"Szydełkowa maskotka, wykonana z pasją. Super unikatowy prezent na każdą okoliczność. Zabawka wykonana z pluszowej włóczki Himalaya Dolphin baby, wypchana kilka silikonową. Wysokość 45 cm<br />
Cenę ustalam wg godzin pracy<br />
15h x netto na godzinę=x w tym cena za włóczki, wydaje się dużo? Czy ty chcesz pracować na 10zł? Serce włożone w wykonanie zabawki oraz dbanie o szczegóły i dokładność jest bezcenna.",863305120
3,Super Mario Bros. Wonder stan idealny Switch,https://www.olx.pl/d/oferta/super-mario-bros-wonder-stan-idealny-switch-CID99-IDXwOXj.html,"Na sprzedaż gra Super Mario Bros. Wonder, stan idealny. Sprzedaję, bo przeszedłem :).<br />
<br />
Proszę o kontakt SMS lub OLX, będę oddzwaniał. Preferuje odbiór osobisty.",879387869
4,"Nintendo  64 gry, Mario64, Quake u inne",https://www.olx.pl/d/oferta/nintendo-64-gry-mario64-quake-u-inne-CID99-IDXwOND.html,"Sprzedam pakiet gier na konsole Nintendo 64, gry sprawne widać ślady użytkowania.",879387269
5,Super Mario Odyssey,https://www.olx.pl/d/oferta/super-mario-odyssey-CID99-IDXuviC.html,"Sprzedam grę Super Mario Odyssey na Nintendo Switch. Sam kartridż.<br />
<br />
#nintendo #switch #gra #game #super #mario #odyssey",879077826
6,Nintendo New 3DS Czarny Gry New Super Mario 2,https://www.olx.pl/d/oferta/nintendo-new-3ds-czarny-gry-new-super-mario-2-CID99-IDXwnSH.html,"Na zamianę lub ewentualną sprzedaż posiadam konsolę Nintendo New 3DS wraz z dedykowanym pokrowcem z New Super Mario 2, 4 grami oraz ładowarką (potrzebna jest przejściówka, koszt ok.5zł). <br />
Konsola jest w 100% sprawna, pochodzi z mojej prywatnej kolekcji. <br />
<br />
Możliwa zamiana na inne gry lub konsole, elektronike, płyty z muzyką lub Macbook Air/Pro M1 lub wyższy, wtedy mogę dać kilka przedmiotów lub sporo dopłacić.<br />
<br />
Zapraszam również na inne ogłoszenia.",879283795
7,Konsola nintendo switch oled Mario nowa + szklo,https://www.olx.pl/d/oferta/konsola-nintendo-switch-oled-mario-nowa-szklo-CID99-IDXwOag.html,"Konsola nowa kupiona wysylkowo w sklepie posiadam paragon zakupu z wczoraj tj. 20.11.2023. Sprzedaje poniewaz okazala sie nie trafionym prezentem. Caly komplet. Limitowana edycja Mario red a wiec konsola w kolorze czerwonym.<br />
Gratis dodaje nowe nienaklejone szklo flexible glass 3mk do tego modelu konsoli <br />
Cena ostateczna",879384828
8,"Retro konsola pod HDMI dużo gier GTA, Mario, tank, contra itp.",https://www.olx.pl/d/oferta/retro-konsola-pod-hdmi-duzo-gier-gta-mario-tank-contra-itp-CID99-IDXwJP1.html,"Konsola użyta 2 razy, jak nowa w zestawie Karta 32gb, fajna atrakcja dla dzieci, ale i dla starszych którzy pamiętają te Retro gierki;)<br />
<br />
Opis<br />
<br />
MENU W J.POLSKI<br />
<br />
Możliwość wgrania nowych gier<br />
<br />
Najważniejsze zalety konsoli retro:<br />
<br />
Wbudowane ponad 15 tysięcy kultowych gier<br />
<br />
2 PADY do gry - BEZPRZEWODOWE<br />
Podłącz mini konsolę do gniazda HDMI oraz USB<br />
Obsługa 9 emulatorów, w tym 8-bitowych, 16-bitowych, 32-bitowych, 64-bitowych i 128-bitowych<br />
Procesor: Dual Core Cortex A7<br />
Pamięć operacyjna: DDR3 256MB<br />
Wbudowana pamięć 128MB<br />
Wspiera rozdzielczość 4K Ultra HD TV Video 1080P/720P.<br />
Obsługa kart pamięci do 64GB<br />
Wysokiej jakości wykonanie<br />
MENU w języku polskim - do ustawienia<br />
wtyk HDMI - możliwość podłączenia do TV<br />
Idealny prezent dla Twojego dziecka jak i dla Ciebie<br />
Przenośna konsola do gier - MAŁY ROZMIAR wielkości USB<br />
Możliwość wgrywania własnych gier<br />
Bardzo prosta obsługa<br />
<br />
W zestawie są 2 kontrolery można grać w dwie osoby<br />
<br />
Specyfikacja konsoli retro:<br />
<br />
System operacyjny: Linux + Retroarch<br />
Rozmiar: 10 x 4,5 x 1 cm<br />
Pamięć operacyjna RAM: DDR3 256MB<br />
Obsługa kart pamięci: do 64GB<br />
Karta 32 GB w zestawie wgrane ponad 5 000 gier<br />
Obsługa gier z konsol: Playstation1, ATARI2600, ATARI7800, MAME, FC, GB, GBA, GBC, MD, SFC, N64<br />
Format audio: MP3, WMA, OGG, WAV , AAC, APE<br />
Format zdjęć: JPEG, BMP, GIF, TIF i PNG<br />
Format wideo: RM, RMVB, AVI, MP4,3GP<br />
Kolor : CZARNY<br />
<br />
Aby wyjść z gry trzeba jednocześnie wcisnąć przycisk ""START"" i SELECT"" na padzie.<br />
<br />
Wyjście HDMI gwarantuje niezakłóconą jakość obrazu, dźwięku i umożliwia granie na nowoczesnych telewizorach<br />
<br />
Konsola posiada również możliwość archiwizowania gier, wyszukiwania nazw gier czy tworzenia zakładek do ulubionych gier.<br />
<br />
Obsługa konsoli bez instalacji<br />
<br />
Emulator należy wpiąć do wejścia HDMI w TV<br />
Zasilić z gniazda USB telewizora lub ładowarki telefonicznej (w zestawie)<br />
Podłączyć odbiornik USB kontrolerów do wejścia w konsoli (w zesatwie)<br />
Umieścić baterię w kontrolerach (2x bateria AAA - brak baterii w zestawie)<br />
Powrót do menu głównego należy przytrzymać jednocześnie START i SELECT<br />
<br />
Bezprzewodowe pady<br />
<br />
DWA BEZPRZEWODOWE PADY umożliwiające obsługę sygnału 2,4 GHz, eliminujące potrzebę korzystania z przewodu i umożliwiające sterowanie konsolą za pomocą dwóch kontrolerów.<br />
<br />
Konsola posiada również możliwość archiwizowania gier, wyszukiwania nazw gier czy tworzenia zakładek do ulubionych gier.<br />
<br />
W zestawie:<br />
<br />
Konsola (do podłączenia pod HDMI w telewizorze)<br />
2 bezprzewodowe pady (zasilane bateriami 2xAAA - brak w zestawie)<br />
Adapter do padów<br />
Karta pamięci 32GB z wgranymi grami<br />
Kabel HDMI<br />
Oryginalne pudełko<br />
Kabel Micro USB<br />
Instrukcja w języku polskim",879368135
9,Super Mario 3D World + Bowser's Fury (Nintendo Switch),https://www.olx.pl/d/oferta/super-mario-3d-world-bowsers-fury-nintendo-switch-CID99-IDXwkFN.html,"Sprzedaję grę na Nintendo Switch Super Mario 3D World + Bowser's Fury.<br />
<br />
Stan kartridża i opakowania jest idealny, można grać od razu. Zainteresowanych proszę o pisanie wiadomości prywatnych. Możliwe jest osobiste spotkanie w Łodzi lub wysyłka przez OLX.",879271463
10,Gra Nintendo Switch Mario Strikers Battle League Football,https://www.olx.pl/d/oferta/gra-nintendo-switch-mario-strikers-battle-league-football-CID99-IDXwlFJ.html,"Witam<br />
Posiadam na sprzedaż oryginalną grę Marto Strikers Battle League Football na Nintendo Switch. Gra w pełni sprawna i pozbawiona wad ukrytych. <br />
<br />
Polecam i zapraszam na moje pozostałe ogłoszenia.",879275303
11,Tor Hot Wheels Mario jak nowy,https://www.olx.pl/d/oferta/tor-hot-wheels-mario-jak-nowy-CID88-IDXutE5.html,"Tor Hot Wheels Mario jak nowy, stan idealny.<br />
Brak opakowania<br />
Świetna zabawa dla dzieci od 3 roku życia<br />
Odbiór osobisty",879067625
12,"Stara gra telewizyjna Mario,Kaczki,i wiele innych",https://www.olx.pl/d/oferta/stara-gra-telewizyjna-mario-kaczki-i-wiele-innych-CID4042-IDXwUpk.html,Stare gry telewizyjne gra działa dwa pady pistolet kabel czincz jest i zasilacz cały komplet by podłączyć i grać szkoda wyrzucić odbiór tylko osobisty,879408826
13,Limitowane Nintendo Switch V2 Mario Red and Blue Edition,https://www.olx.pl/d/oferta/limitowane-nintendo-switch-v2-mario-red-and-blue-edition-CID99-IDVP8ZI.html,"Limitowane Nintendo Switch V2 Mario Red and Blue Edition<br />
<br />
Stan bardzo dobry, bliski kolekcjonerskiemu.<br />
<br />
Na ekranie, jak i obudowie konsoli brak rys.<br />
Joy-con'y sprawne, bez ""driftu"", prawie nieużywane. Głównie używany Switch Pro Controller, nie będący w tej ofercie. Drobne ślady użytkowania na ładowarce. Pudełko w świetnym stanie.<br />
<br />
W zestawie znajduje się:<br />
<br />
- konsola Nintendo Switch,<br />
- kontrolery Joy-Con (P) i (L),<br />
- stacja dokująca z wejściem HDMI,<br />
- Joy-Con grip,<br />
- paski do Joy-Con'ów,<br />
- ładowarka,<br />
- kabel HDMI,<br />
- oryginalny case,<br />
- instrukcja,<br />
- pudełko.<br />
<br />
Jeśli ktoś szuka sprawdzonego zestawu tej limitowanej wersji, bez wad i uszkodzeń to serdecznie polecam i zapraszam do zakupu.<br />
<br />
W innych ogłoszeniach:<br />
<br />
Limitowany kolekcjonerski Pad Nintendo N64<br />
Kolekcjonerskie katalogi<br />
<br />
Preferuje odbiór osobisty, nie wysyłam  przez OLX.<br />
<br />
Kontakt przez OLX, lub telefoniczny.",869216794
14,Torba Mario Hernandez,https://www.olx.pl/d/oferta/torba-mario-hernandez-CID87-IDX8v66.html,"Oryginalna torba kolumbijskiego projektanta Mario Hernandez z kolekcji BUTTERFLIES, to wybór dla kobiet ceniących sobie luksusowe dodatki doskonałej jakości. Torba wykonana ze skóry.<br />
<br />
Niechciany prezent. Pierwotna cena ok. 1500zł.",873833834
15,Mario Puzo - Rodzina Borgiów (wersja kieszonkowa),https://www.olx.pl/d/oferta/mario-puzo-rodzina-borgiow-wersja-kieszonkowa-CID751-IDXkHKP.html,"WYPRZEDAŻ REGAŁOWA;)<br />
Oferuję tytuły z mojej biblioteki. Wszystkie w bardzo dobrym stanie.<br />
<br />
Potrzebujesz więcej info lub zdjęć? Napisz lub zadzwoń.<br />
Chcesz kupić więcej moich przedmiotów? Skontaktuj się ze mną i zmoderuję ogłoszenie odpowiednio, aby umożliwić zakup z jedną przesyłką OLX (gwarantuję solidne zapakowanie na czas transportu). Zachęcam także do odbioru osobistego (Warszawa-Rembertów).<br />
<br />
Intrygi rodziny, której nazwisko zawsze było synonimem władzy, korupcji i zbrodni – niesławnych Borgiów. Na tle barwnego zgiełku włoskiego renesansu rozgrywa się partia śmiertelnej gry, której stawką jest władza nad centrum świata – Rzymem.<br />
Opowieść o korupcji, chciwości, zdradzie i grzechu oraz o początkach włoskiej mafii, która sięga XV wieku i… papieskiego urzędu.<br />
Kardynał Rodrigo Borgia został w 1492 r. wybrany na papieża, bynajmniej nie za zalety duchowe i świętość za życia. To człowiek opętany żądzą bogactwa i władzy, zręczny polityk bez skrupułów eliminujący rywali i wrogów, choć niepozbawiony pewnej szlachetności. Jego dzieci – Juan, Jofre, Cezar i Lukrecja – miały wspierać go w drodze do umocnienia największego imperium świata, tymczasem różnymi sposobami próbują zagarnąć dla siebie jak najwięcej władzy.<br />
Ale w pokrętny sposób pozostają wierni Rodzinie. Bo Rodzina nie wybacza nielojalności. Zwłaszcza rodzina Borgiów.",876738579
16,"Buty świecące Geox z serii Mario, rozmiar 29",https://www.olx.pl/d/oferta/buty-swiecace-geox-z-serii-mario-rozmiar-29-CID88-IDXenBW.html,"Do sprzedania ekstra buty chłopięce marki Geox, z serii Mario - świecące (światła z możliwością wyłączenia).<br />
Długość wkładki ok. 17,3cm<br />
Stan bardzo dobry.",875231179
17,SUPER MARIO stroj przebranie 110cm,https://www.olx.pl/d/oferta/super-mario-stroj-przebranie-110cm-CID88-IDXs4fS.html,"Sprzedam przebranie super Mario 110 cm dla chłopca <br />
Możliwa wysyłka przez olx <br />
Zapraszam",878493368
18,OKAZJA Nintendo super Mario 3D all stars,https://www.olx.pl/d/oferta/okazja-nintendo-super-mario-3d-all-stars-CID99-IDXtcTW.html,Gra jest w stanie idealnym zapraszam do zakupu preferuję przesyłkę olx,878764931
19,Lego Super Mario 71360 + 71373,https://www.olx.pl/d/oferta/lego-super-mario-71360-71373-CID88-IDXdq61.html,Sprzedam klocki Lego zestaw Mario + dodatek. Wszystko sprawne i zapakowane w woreczki. Instrukcja elektronicza. Pozdrawiam,875002405
20,Czapka z daszkiem + wąsy Super Mario Bros cosplay Nowa anime,https://www.olx.pl/d/oferta/czapka-z-daszkiem-wasy-super-mario-bros-cosplay-nowa-anime-CID88-IDWoiGC.html,"Przedmiotem tej oferty jest czerwona czapka z daszkiem oraz wąsy na postać Mario z gry Mario Bros.<br />
Element cosplay’u.<br />
Wąsy do przyklejenia pod nosem :)<br />
Rozmiar: obwód głowy 52 – 58 cm (dla większości dzieci i nastolatków).<br />
UNISEX<br />
Na innym naszym ogłoszeniu znajdziesz czapkę Luigi.",848042858
21,Dobe rakiety tenisowe Nintendo Switch Joy-Con 2szt mario Tennis,https://www.olx.pl/d/oferta/dobe-rakiety-tenisowe-nintendo-switch-joy-con-2szt-mario-tennis-CID99-IDXm4Eh.html,"Zestaw rakiet tenisowych Dobe Switch (róż + zielony ) do kontrolera Nintendo Switch Joy-Con<br />
<br />
sprzedawane same rakiet - bez kontrolerów<br />
<br />
    Kompatybilny z kontrolerem Nintendo Switch Joy-Con<br />
    Rakieta tenisowa, aby poprawić wrażenia z gry<br />
<br />
opakowanie może posiadać lekkie ślady transportowe",877064913
22,Konsola Nintendo Switch OLED 4/64GB WIFI Biała + GRY + ETUI,https://www.olx.pl/d/oferta/konsola-nintendo-switch-oled-4-64gb-wifi-biala-gry-etui-CID99-IDXsH3B.html,"Witam,<br />
<br />
mam do sprzedania konsole Nintendo Switch OLED w bardzo dobrym stanie. Sprzęt mało używany, kupiony w tym roku (31.07.2023) w OleOle. <br />
<br />
Dodatkowo w skład zestawu wchodzą 4 gry:<br />
<br />
-Zelda: Tears of the Kingdom<br />
-Animal Crossing<br />
-Super Mario: Odyssey<br />
-Nintendo Switch Sports (z opaską na nogę, która w ogóle nie była używana) <br />
<br />
oraz etui z walizką do transportu.",878642523
23,Super Mario Bros Wonder,https://www.olx.pl/d/oferta/super-mario-bros-wonder-CID99-IDXpP36.html,Gra Super Mario Bros Wonder na konsole Nintendo Switch.,877958260
24,Mario + Rabbids Sparks of Hope Astral Edition,https://www.olx.pl/d/oferta/mario-rabbids-sparks-of-hope-astral-edition-CID99-IDXthL9.html,"Mario rabbids sparks of hope.<br />
<br />
Okładka angielska, kod w środku niewykorzystany.",878783607
25,Bone bowser super mario pluszak,https://www.olx.pl/d/oferta/bone-bowser-super-mario-pluszak-CID88-IDX5w1s.html,Super Mario kolejna pluszanka bone bosser około 35 cm wysoki super seria Super Mario,873114718
26,Przeprowadzki Transport  Utylizacja mebli Super Mario,https://www.olx.pl/d/oferta/przeprowadzki-transport-utylizacja-mebli-super-mario-CID4371-IDPlVjP.html,"Firma transportowa Super Mario Transport Przeprowadzki Bagażówki Bydgoszcz <br />
oferuje solidne przeprowadzki oraz przewóz rzeczy, ładunków po Bydgoszczy oraz okolicach Bydgoszczy.   <br />
     Zakres usług transportowych:<br />
 – transport rzeczy i mienia<br />
 – pomoc naszych pracowników<br />
 – znoszenie i wnoszenie mebli<br />
 – załadunek i rozładunek sprzętu AGD i RTV<br />
- przeprowadzki małe i duże<br />
- przeprowadzki domów, mieszkanie, biura, lokala<br />
 <br />
     Co transportujemy<br />
 – meble birowe: łóżka, kanapy, sofy krzesła biurowe, fotele, pufy, taborety, stoły, stoliki, meblośnki, półki, regały, szafy, szafki i stoliki nocne, biurka, toaletki, meble ogrodowe<br />
 – ubrania<br />
 – materiały biurowe i dokumenty<br />
 – nagłośnienie, oświetlenie, podesty sceniczne, konstrukcje aluminiowe, multimedia, meble eventowe<br />
 – materiały budowlane<br />
 – materiały reklamowe i scenografię<br />
 – sprzęt elektroniczny RTV i AGD<br />
 – drobnice i rzeczy wielkogabaretowe <br />
Każda przeprowadzka jest przez nas profesjonalnie zabezpieczany:<br />
<br />
-pasy transportowe<br />
-koce<br />
-folia strech<br />
<br />
  Jednym z ważniejszych aspektów związanych z naszymi usługami przeprowadzkowymi , jest ich cena.  Dojazd do klienta zawsze jest darmowy na ternie Bydgoszczy i okolice. Za wycenę naszych usług również nie pobieramy żadnych opłat. Rzetelnie podchodzimy do naszej pracy dlatego zawsze dotrzymujemy terminów i jesteśmy na czas.<br />
Szybki dojazd do klienta! <br />
<br />
Zapraszam do kontaktu w wiadomości prywatnej bądz pod numerem.",758822205
27,NOWA MARIO VALENTINO oryginalna torebka crossbody skóra ekologiczna,https://www.olx.pl/d/oferta/nowa-mario-valentino-oryginalna-torebka-crossbody-skora-ekologiczna-CID87-IDAO49e.html,"Witam <br />
Wyprzedaż prywatnych rzeczy.<br />
PŁATNOŚĆ PRZY ODBIORZE PO OTWARCIU PACZKI lub wpłata na konto do wyboru. <br />
Mam do sprzedania NOWĄ  oryginalną, małą damską torebkę cenionej włoskiej marki <br />
Mario Valentino.<br />
Stan idealny.<br />
Wykonana jest z ekologicznej skórki, w modny wzór krokodyla, w kolorze ładnej czerwieni.<br />
Nie mieści A4.<br />
Torebkę można nosić na ramieniu przedramieniu, w ręce, lub jako crossbody, posiada dopinany pasek- łańcuszek długości 105 cm, oraz czerwony paseczek długości <br />
50 cm. <br />
Długość 23 cm.<br />
Wysokość 20 cm.<br />
Szerokość spód 8 cm.<br />
Zamykana jest na suwak oraz dodatkowo zatrzask, w środku duża kieszeń otwarta mała otwarta oraz średnia na suwak.<br />
W komplecie worek do przechowywania .<br />
Nie zamieniam się. <br />
Możliwość obejrzenia w Krakowie miejsce do uzgodnienia, lub wysyłka pocztą na koszt kupującego 15 zł/30 zł pobranie z możliwością sprawdzenia zawartości, ekspresowo z potwierdzeniem nadania. <br />
Wysyłam bdb zapakowaną w pudełku. <br />
Zapraszam również do zapoznania się z moją pozostałą  ofertą.  <br />
DZIĘKUJĘ. <br />
Telefon do kontaktu podam w wiadomości prywatnej.",543880444
28,Ogier Mario urokliwy arden szwedzki,https://www.olx.pl/d/oferta/ogier-mario-urokliwy-arden-szwedzki-CID103-IDT31Mr.html,"Mario urodził się w Szwecji ale jako odsadek przypłynął do Polski, urodził się w maju 2016 roku , zdobył 84 punkty bonitacyjne jego wymiary to 159-212-30 . Ogier obdarzony jest cudownym ruchem jak i osobistym urokiem. Proszę dzwonić pod numer 51*******00",813420311
29,LEGO Super Mario 71403 - Przygody z Peach - zestaw startowy figurka,https://www.olx.pl/d/oferta/lego-super-mario-71403-przygody-z-peach-zestaw-startowy-figurka-CID88-IDVXd6E.html,LEGO Super Mario 71403 - Przygody z Peach - zestaw startowy figurka nowa nigdy nie aktywowana zapraszam przy zakupie mario i luigi rabat  preferuje odbiór osobisty lub wysyłka po za olx przez limity :),871139224
30,Gra nintendo  ds plus gry mario 5 party imne,https://www.olx.pl/d/oferta/gra-nintendo-ds-plus-gry-mario-5-party-imne-CID99-IDXptqW.html,Sprzedam gierke nintendo ds wraz z ladowarka i 4 grami oraz mario 5 party ninteńdo sprawne,877875169
31,Super Mario maker 2,https://www.olx.pl/d/oferta/super-mario-maker-2-CID99-IDXuoF7.html,"Na sprzedaż dwie gry na nintendo switch Super Mario maker 2<br />
Polecam",879048469
32,Gra Nintendo 3ds Mario & Luigi Superstar saga,https://www.olx.pl/d/oferta/gra-nintendo-3ds-mario-luigi-superstar-saga-CID99-IDXjegP.html,Gra Nintendo 3ds Mario And Luigi Superstar saga.,876386915
33,MARIO BADESCU aloesowo-różana mgiełka do twarzy,https://www.olx.pl/d/oferta/mario-badescu-aloesowo-rozana-mgielka-do-twarzy-CID3647-IDWDzwD.html,"Mgiełka do twarzy, aloesowo-różana MARIO BADESCU<br />
Pojemność - 59 ml<br />
Doskonale sprawdzi się w upały i w podróży.",851682445
34,Płaszcz wełniany -  jesień zima - Reserved - Mario Belluci 42,https://www.olx.pl/d/oferta/plaszcz-welniany-jesien-zima-reserved-mario-belluci-42-CID87-IDXb6GG.html,Bardzo ładny wełniany płaszcz damski. Wyprodukowany we Włoszech. Rozmiar 42. Stan bardzo dobry.,874451142
35,LEGO Super Mario,https://www.olx.pl/d/oferta/lego-super-mario-CID88-IDWxRkP.html,"Nowe klocki  lego super Mario oryginalnie zapakowane   , wszystko jak na zdjęciach. Posiadam 2 opakowania . Polecam,wysyłka lub odbiór w Zabrzu.",850320999
36,Mario kart 8 deluxe,https://www.olx.pl/d/oferta/mario-kart-8-deluxe-CID99-IDXkW56.html,"Jak w opsie, gra używana. Na moim profilu więcej gier",876789808
37,LEGO Super Mario 71387 - Przygody z Luigim - zestaw startowy figurka,https://www.olx.pl/d/oferta/lego-super-mario-71387-przygody-z-luigim-zestaw-startowy-figurka-CID88-IDVwoxz.html,Witam sprzedam nowa figurkę z zestawu LEGO Super Mario 71387 - Przygody z Luigim - zestaw startowy zapraszam,864509993
38,Nintendo switch lite plus mario odyssea,https://www.olx.pl/d/oferta/nintendo-switch-lite-plus-mario-odyssea-CID99-IDXfQA1.html,"Dzień dobry <br />
Mam do sprzedania nintendo switch lite szare z stojakiem na konsole oraz grą mario odyssey. Konsola w dobrym stanie.<br />
Zainteresowanym zapraszam do pisania wiadomości na olx",875580865
39,Święty Mikołaj - Żywa maskotka Super Mario Bros do wynajęcia,https://www.olx.pl/d/oferta/swiety-mikolaj-zywa-maskotka-super-mario-bros-do-wynajecia-CID4371-IDRc9tz.html,"Żywa Maskotka Super Mario Bros do wynajęcia <br />
<br />
Wchodząc na uroczystość nie tylko wręczy prezent, ale również zatańczy.<br />
Wizyta Mario trwa zazwyczaj 20-30 minut, a w niej mamy możliwość zrobienia pamiątkowego zdjęcia z mario, taniec oraz dobrą zabawę.<br />
<br />
Maskotkę można wynająć również na kilka godzin. <br />
<br />
Polecamy, aby przed wejściem maskotki przekazać nam bukiet kwiatów i prezent dla solenizanta, a gwarantujemy, że pojawią się łzy wzruszenia. <br />
<br />
Super Mario Bros to doskonała atrakcja na urodziny, imieniny, chrzciny, wesele, przyjęcie dla noworodka, otwarcie sklepu, restauracji lub biznesu, a także na firmowe eventy, wieczór panieński. Jest możliwość zamówienia Mario do teledysku. Nasz Mario cieszy się dużą popularnością wśród dzieci i dorosłych.<br />
<br />
Jeśli namówisz sąsiadkę/sąsiada na wizytę to otrzymasz 10% rabatu.<br />
<br />
Odwiedzam domy, żłobka, przedszkola, firmy, galerie handlowe I inne placówki. <br />
<br />
Podaruj swoim bliskim niezapomnianą niespodziankę - Super Mario. Mario zatańczy z gośćmi, przytuli się, zrobi zdjęcia i filmy. Nasz Mario ma 1.70 cm. wysokości.<br />
<br />
Nie zwlekaj - skorzystaj z naszej oferty i zamów Super Mario już dziś! <br />
<br />
Rozważę również państwa ofertę.<br />
<br />
Cena ustalana indywidualnie. <br />
<br />
Chętnie nawiążemy współpracę z animatorami.<br />
<br />
Polecamy Świętego Mikołaja który z pewnością sprawdzi się na waszym wydarzeniu. <br />
<br />
Mamy dwóch Świętych Mikołajów.<br />
<br />
Święty Mikołaj do wynajęcia<br />
<br />
Czy Wasze dzieci piszą już listy do Świętego Mikołaja ? Jeżeli tak, już dziś zaproś Świętego Mikołaja do domu :)<br />
Mikołaj wie, że każde dziecko o tym marzy by się z nim spotkać, dlatego my możemy to zorganizować. Nasz Mikołaj odwiedzi Wasze dzieci. Uwielbia przyjmować laurki i słuchać wierszyków. Niech te Święta będą wyjątkowe!!<br />
Zarezerwuj najlepsze godziny już dziś!<br />
<br />
Odwiedzamy domy, żłobka, przedszkola, szkoły, firmy, galerie handlowe i inne placówki. <br />
<br />
Nie przepłacaj, zamów wizytę Mikołaja u nas.<br />
<br />
Nasz Mikołaj jest widoczny na zdjęciach. <br />
<br />
Namów sąsiada/sąsiadkę na wizytę Mikołaja lub Super Mario a otrzymasz 10% rabatu.<br />
<br />
Odwiedzamy domy, przedszkola, firmy, centra handlowe i inne placówki.<br />
<br />
Dojeżdżamy do Siedlce. Sokolow Podlaski. Węgrów. Biala Podlaska. Mińsk Mazowiecki. Łuków. Lublin. Puławy. Radom. Otwock. Grójec. Wołomin.",786042173
40,Nintendo switch v2  Limitowane wydanie Mario Red & Blue Edition +3 gry,https://www.olx.pl/d/oferta/nintendo-switch-v2-limitowane-wydanie-mario-red-blueedition-3-gry-CID99-IDXrPIH.html,"Cześć,<br />
Niestety przyszedł czas kiedy trzeba się rozstać ze Switchem. Konsola jest w bardzo dobrym stanie, używana sporadycznie w 100 % sprawna brak rys. Od nowości na szybkę naklejona folia ochronna.<br />
Oferuję:<br />
konsola nintendo switch V2 Limitowane wydanie Mario Red & Blue Edition<br />
oryginalny dock<br />
oryginalna ładowarka<br />
oryginalny kabel HDMI<br />
czyli wszystko co było w pudełku.<br />
<br />
Gry:<br />
Oddworld: Soulstorm (Kolekcjonerski steelbook z miejscem na 24 kartridż]<br />
LEGO Harry Potter Collection<br />
Smerfy: Misja Złoliść Pl<br />
<br />
Konsola będzie przywrócona do ustawień fabrycznych,<br />
<br />
Cena zestawu to: 1100 zł",878437495
41,NOWA MARIO VALENTINO oryginalna torebka kuferek crossbody skóra eko,https://www.olx.pl/d/oferta/nowa-mario-valentino-oryginalna-torebka-kuferek-crossbody-skora-eko-CID87-IDAO4LN.html,"Witam<br />
Wyprzedaż prywatnych rzeczy. <br />
PŁATNOŚĆ PRZY ODBIORZE PO OTWARCIU PACZKI lub wpłata na konto do wyboru. <br />
Dostępny kolor szary i czerwony.<br />
Cena za szt.<br />
Mam do sprzedania NOWĄ oryginalną, damską torebkę cenionej włoskiej marki MARIO VALENTINO . <br />
Torebka wykonana jest estetycznie z ekologicznej skórki, stylizowana na skórę krokodyla, usztywniona.<br />
Stan idealny.<br />
Torebkę można nosić na ramieniu, przedramieniu, w ręce, lub jako crossbody, posiada odpinany pasek długości 130 cm.<br />
Mieści A4, zamykana jest na suwak, w środku kieszonka na suwak oraz dwie otwarte np na telefon lub drobiazgi, z przodu kieszonka na zatrzask. <br />
Długość 32 cm.<br />
Wysokość 22 cm z rączkami 37 cm.<br />
Szerokość spód 10 cm, bok 13 cm.<br />
W komplecie worek do przechowywania. <br />
Nie zamieniam się. <br />
Możliwość obejrzenia w Krakowie miejsce do uzgodnienia, lub wysyłka pocztą/paczkomatem na koszt kupującego /15 zł/30 zł pobranie z możliwością sprawdzenia zawartości, ekspresowo z potwierdzeniem nadania. <br />
Wysyłam bdb zapakowana w pudełku.<br />
Zapraszam również do zapoznania się z moją pozostałą ofertą. <br />
DZIĘKUJĘ.<br />
Telefon do kontaktu podam w wiadomości prywatnej.",543882835
42,lego 71386 super mario 2 saszetki,https://www.olx.pl/d/oferta/lego-71386-super-mario-2-saszetki-CID88-IDXv4g0.html,witam mam na sprzedaż 2 nowe saszetki z 2 serii lego super mario. w saszetkach znajduje sie ninji i fly guy. cena za 2 saszetki.,879446688
43,Mario kart 8 deluxe,https://www.olx.pl/d/oferta/mario-kart-8-deluxe-CID99-IDXuGhk.html,Gra raz użyta w stanie idealnym. Szybka wysyłka. Zapraszam do zakupu,879116186
44,"Zestaw Makeup by Mario, cienie,bronzer, róż",https://www.olx.pl/d/oferta/zestaw-makeup-by-mario-cienie-bronzer-roz-CID3647-IDXuEhy.html,"NIE SPRZEDAJE PRZEZ KUP TERAZ<br />
<br />
Sprzedam tylko w zestawie! Wartość zestawu 600zł. Zużycie widoczne na zdjęciach, zapraszam do obejrzenia moich pozostałych ogłoszeń",879108512
45,MARIO PARTY SUPERSTARS *nowa *folia* oryginał,https://www.olx.pl/d/oferta/mario-party-superstars-nowa-folia-oryginal-CID99-IDXwdX3.html,"MARIO PARTY SUPERSTARS<br />
<br />
Gra jest nowa, fabrycznie zapakowana we folie!!<br />
<br />
platforma: Nintendo Switch<br />
wersja językowa gry: Angielska, niemiecka i inne<br />
okładka i instrukcja: Europejska, Niemiecka<br />
GATUNEK : towarzyska<br />
NOŚNIK : KARTRIDZ<br />
NOWA FOLIA<br />
<br />
Zdjęcia których jestem autorem przedstawiają autentyczny produkt!!<br />
Cena nie podlega negocjacji!!",879245625
46,"Strój Mario 122/128, strój karnawałowy",https://www.olx.pl/d/oferta/stroj-mario-122-128-stroj-karnawalowy-CID88-IDXwMGF.html,Sprzedam nowy strój karnawałowy Mario na różne imprezy do przedszkola. Rozmiar  122/128 cm. Strój na zamek więc rzepy nie będą zaciągały materialu oraz czapka i wąsy do doklejenia. Polecam,879379149
47,LEGO Super Mario 71403 nowe,https://www.olx.pl/d/oferta/lego-super-mario-71403-nowe-CID88-IDWcT2L.html,"Witam mam do sprzedania nowy i oryginalnie zapakowany zestaw LEGO Super Mario widoczny na zdjęciach.<br />
ODBIÓR TYLKO OSOBISTY",845322679
48,Super Mario Bros figurka z kloców pasuje do zestawu,https://www.olx.pl/d/oferta/super-mario-bros-figurka-z-klocow-pasuje-do-zestawu-CID88-IDW6xla.html,"KONTAKT TYLKO PRZEZ WIADOMOŚĆ OLX lub SMS.<br />
<br />
- - - <br />
<br />
Figurka Mario postaci z gier i filmów Nintendo pasuje do zestawów LEGO.<br />
<br />
Zabawka nowa w fabrycznej folii, nie posiada ona efektów dźwiękowych i świetlnych.<br />
<br />
Jest też dostępne w komplecie z Luigi. Szybka wysyłka z Polski.<br />
<br />
Odbiór osobisty w centrum Częstochowy lub wysyłka OLX.<br />
<br />
- - - <br />
<br />
Zobacz więcej figurek w naszej ofercie:<br />
 <br />
www olx.pl/oferty/uzytkownik/2jxr9/<br />
<br />
. . .",843809284
49,Super Mario Bros U Deluxe Nintendo Switch,https://www.olx.pl/d/oferta/super-mario-bros-u-deluxe-nintendo-switch-CID99-IDXfF9A.html,Witam mam na sprzedaż grę Super Mario Bros. U Deluxe w wersji na konsolę Nintendo Switch. Gra została zakupiona we Francji stąd pudełko jest w języku Francuskim.,875536942
50,Mario Zelda Nintendo switch,https://www.olx.pl/d/oferta/mario-zelda-nintendo-switch-CID99-IDX61Ls.html,"Dzień dobry,<br />
Na sprzedaż zestaw kilku gier na Nintendo Switch.<br />
Dwie gry są nowe w folii.<br />
Chciałbym za te gry 600 zł.<br />
Odbiór tylko osobisty.<br />
Osoby zdecydowane proszę o wiadomość.<br />
Po urlopie (1-14.11) się odezwę w celu ustalenia terminu odbioru.",873240578
51,Czapka z daszkiem Luigi + wąsy Super Mario Bros cosplay Nowa anime,https://www.olx.pl/d/oferta/czapka-z-daszkiem-luigi-wasy-super-mario-bros-cosplay-nowa-anime-CID87-IDVcw0D.html,"Przedmiotem tej oferty jest zielona czapka z daszkiem oraz wąsy na postać Luigi z gry Mario Bros.<br />
Element cosplay’u.<br />
Wąsy do przyklejenia pod nosem :)<br />
Rozmiar: obwód głowy 52 – 58 cm (dla większości dzieci i nastolatków).<br />
UNISEX<br />
Na innym naszym ogłoszeniu znajdziesz czapkę Mario.<br />
<br />
Wysyłka tego samego dnia lub następnego od zakupu.",860006627
